{
    "Accuracy": 0.991875,
    "Precision": 0.9922863955310554,
    "Recall": 0.9915228111486686,
    "F1": 0.9918870279603915
}