{
    "Accuracy": 0.9819471955469748,
    "Precision": 0.949031641671818,
    "Recall": 0.9484773844038298,
    "F1": 0.9469025741140297
}