{
    "Accuracy": 0.994375,
    "Precision": 0.9712990936555891,
    "Recall": 0.9877112135176651,
    "F1": 0.9794364051789795
}